{"errors":[],"warnings":[],"namedChunkGroups":{"app":{"chunks":[7,6,3],"assets":["webpack-runtime-9876bf3ca93c263dd1b7.js","webpack-runtime-9876bf3ca93c263dd1b7.js.map","framework-81e6052b3504df28bf0b.js","framework-81e6052b3504df28bf0b.js.map","app-77ef83bda4db6edf5b10.js","app-77ef83bda4db6edf5b10.js.map"],"children":{},"childAssets":{}},"component---src-templates-advanced-js":{"chunks":[2,0,1,4],"assets":["styles.4c4710e383910afb8340.css","styles-503b3015a8b38c118cb7.js","styles-503b3015a8b38c118cb7.js.map","29107295-36e60bad8a02b5426955.js","29107295-36e60bad8a02b5426955.js.map","commons-939fbc767cac15439ba2.js","commons-939fbc767cac15439ba2.js.map","component---src-templates-advanced-js-5bc18cc9d4f8bdf61e8d.js","component---src-templates-advanced-js-5bc18cc9d4f8bdf61e8d.js.map"],"children":{},"childAssets":{}},"component---src-templates-post-js":{"chunks":[2,0,1,5],"assets":["styles.4c4710e383910afb8340.css","styles-503b3015a8b38c118cb7.js","styles-503b3015a8b38c118cb7.js.map","29107295-36e60bad8a02b5426955.js","29107295-36e60bad8a02b5426955.js.map","commons-939fbc767cac15439ba2.js","commons-939fbc767cac15439ba2.js.map","component---src-templates-post-js-b1623d6e78ea71cc60c2.js","component---src-templates-post-js-b1623d6e78ea71cc60c2.js.map"],"children":{},"childAssets":{}}},"assetsByChunkName":{"app":["webpack-runtime-9876bf3ca93c263dd1b7.js","framework-81e6052b3504df28bf0b.js","app-77ef83bda4db6edf5b10.js"],"component---src-templates-advanced-js":["styles.4c4710e383910afb8340.css","styles-503b3015a8b38c118cb7.js","29107295-36e60bad8a02b5426955.js","commons-939fbc767cac15439ba2.js","component---src-templates-advanced-js-5bc18cc9d4f8bdf61e8d.js"],"component---src-templates-post-js":["styles.4c4710e383910afb8340.css","styles-503b3015a8b38c118cb7.js","29107295-36e60bad8a02b5426955.js","commons-939fbc767cac15439ba2.js","component---src-templates-post-js-b1623d6e78ea71cc60c2.js"]}}